Region,Ship Mode,Division,Avg_Lead_Time,Std_Lead_Time,Min_Lead_Time,Max_Lead_Time,Order_Count,Avg_Sales,Total_Sales,Avg_Profit,Total_Profit,Avg_Units,Cluster,Cluster_Name
Atlantic,First Class,Chocolate,1334.177966101695,249.31721219120215,905,1638,472,12.993114406779661,6132.75,8.803834745762712,4155.41,3.656779661016949,1,🟢 Fast Routes
Atlantic,First Class,Other,1354.6363636363637,297.07054564683636,905,1638,22,37.52272727272727,825.5,17.304545454545455,380.7,4.409090909090909,2,🟡 Medium Routes
Atlantic,First Class,Sugar,1454.0,258.8010819142764,1271,1637,2,8.495,16.99,5.12,10.24,2.5,1,🟢 Fast Routes
Atlantic,Same Day,Chocolate,1295.5228758169935,255.41089405544463,904,1635,153,12.947124183006537,1980.91,8.734575163398693,1336.39,3.6862745098039214,1,🟢 Fast Routes
Atlantic,Same Day,Other,1269.0,0.0,1269,1269,5,33.65,168.25,15.209999999999999,76.05,4.0,2,🟡 Medium Routes
Atlantic,Same Day,Sugar,1635.0,0.0,1635,1635,1,7.96,7.96,4.96,4.96,4.0,0,🔴 Slow Routes
Atlantic,Second Class,Chocolate,1330.3201506591338,254.468619759375,906,1640,531,13.411205273069681,7121.35,9.046647834274951,4803.7699999999995,3.775894538606403,1,🟢 Fast Routes
Atlantic,Second Class,Other,1295.0625,282.5022640027274,906,1640,16,33.859375,541.75,14.021875,224.35,4.0,2,🟡 Medium Routes
Atlantic,Second Class,Sugar,1640.0,0.0,1640,1640,1,7.5,7.5,3.5,3.5,5.0,0,🔴 Slow Routes
Atlantic,Standard Class,Chocolate,1318.8736780258519,257.8903328446152,908,1642,1702,13.12903642773208,22345.62,8.848249118683901,15059.72,3.7256169212690953,1,🟢 Fast Routes
Atlantic,Standard Class,Other,1323.9848484848485,278.7313839205848,908,1641,66,29.393939393939394,1940.0,12.969696969696969,856.0,4.181818181818182,2,🟡 Medium Routes
Atlantic,Standard Class,Sugar,1347.5333333333333,283.2275376711067,908,1642,15,7.244,108.66,4.174,62.61,3.466666666666667,1,🟢 Fast Routes
Gulf,First Class,Chocolate,1326.608888888889,270.5599153196527,905,1638,225,12.383866666666666,2786.37,8.35,1878.75,3.511111111111111,1,🟢 Fast Routes
Gulf,First Class,Other,1150.2222222222222,316.77309614998,906,1638,9,16.77777777777778,151.0,6.466666666666667,58.2,4.444444444444445,1,🟢 Fast Routes
Gulf,Same Day,Chocolate,1283.113924050633,244.47117114617816,904,1636,79,13.77746835443038,1088.42,9.302278481012658,734.88,3.911392405063291,1,🟢 Fast Routes
Gulf,Same Day,Other,1269.3333333333333,365.50011399907027,904,1635,3,11.416666666666666,34.25,1.6166666666666665,4.85,4.333333333333333,1,🟢 Fast Routes
Gulf,Same Day,Sugar,1635.0,0.0,1635,1635,1,9.0,9.0,7.0,7.0,2.0,0,🔴 Slow Routes
Gulf,Second Class,Chocolate,1322.6996805111821,275.45573990631146,906,1640,313,13.936485623003195,4362.12,9.392076677316293,2939.72,3.961661341853035,1,🟢 Fast Routes
Gulf,Second Class,Other,1370.3333333333333,292.3729679381328,906,1640,15,16.733333333333334,251.0,7.693333333333333,115.4,3.533333333333333,1,🟢 Fast Routes
Gulf,Second Class,Sugar,1272.0,0.0,1272,1272,1,1.5,1.5,0.6,0.6,1.0,0,🔴 Slow Routes
Gulf,Standard Class,Chocolate,1307.2322375397666,259.63586321027685,908,1642,943,13.551919406150585,12779.460000000001,9.13847295864263,8617.58,3.831389183457052,1,🟢 Fast Routes
Gulf,Standard Class,Other,1328.1851851851852,281.3065720248773,908,1642,27,26.194444444444443,707.25,10.705555555555556,289.05,4.777777777777778,1,🟢 Fast Routes
Gulf,Standard Class,Sugar,1091.5,210.73443002983643,909,1275,4,19.2225,76.89,13.66,54.64,4.75,1,🟢 Fast Routes
Interior,First Class,Chocolate,1356.3425605536331,275.2625078303109,905,1638,289,13.499065743944637,3901.23,9.111730103806229,2633.29,3.830449826989619,1,🟢 Fast Routes
Interior,First Class,Other,1302.1666666666667,364.27732525779,905,1638,12,20.854166666666668,250.25,9.704166666666667,116.45,4.5,1,🟢 Fast Routes
Interior,First Class,Sugar,1089.5,258.0939751330898,907,1272,2,4.745,9.49,2.87,5.74,1.5,1,🟢 Fast Routes
Interior,Same Day,Chocolate,1394.2649572649573,236.01130134989054,904,1636,117,11.4708547008547,1342.09,7.726239316239316,903.97,3.2393162393162394,1,🟢 Fast Routes
Interior,Same Day,Other,1513.0,211.31019852340302,1269,1635,3,30.416666666666668,91.25,15.283333333333331,45.849999999999994,4.333333333333333,2,🟡 Medium Routes
Interior,Second Class,Chocolate,1313.0110619469026,253.09472975092666,906,1640,452,13.565530973451327,6131.62,9.181769911504425,4150.16,3.8473451327433628,1,🟢 Fast Routes
Interior,Second Class,Other,1238.909090909091,303.76486121520185,906,1638,11,54.61363636363637,600.75,26.595454545454547,292.55,4.636363636363637,2,🟡 Medium Routes
Interior,Second Class,Sugar,1271.5,0.7071067811865476,1271,1272,2,3.75,7.5,1.6,3.2,2.5,0,🔴 Slow Routes
Interior,Standard Class,Chocolate,1315.6362349610756,262.44031970267935,908,1642,1413,13.376624203821658,18901.170000000002,9.026985138004246,12755.13,3.7848549186128806,1,🟢 Fast Routes
Interior,Standard Class,Other,1236.1379310344828,282.3857195066367,908,1641,29,25.67241379310345,744.5,11.644827586206896,337.7,3.586206896551724,1,🟢 Fast Routes
Interior,Standard Class,Sugar,1493.6,201.37974078839216,1273,1641,5,11.55,57.75,7.69,38.45,3.4,1,🟢 Fast Routes
Pacific,First Class,Chocolate,1341.663967611336,268.84215045883997,905,1638,494,13.113987854251013,6478.31,8.87572874493927,4384.61,3.708502024291498,1,🟢 Fast Routes
Pacific,First Class,Other,1329.3684210526317,251.6788541257193,906,1638,19,36.05263157894737,685.0,16.957894736842103,322.2,3.1052631578947367,2,🟡 Medium Routes
Pacific,First Class,Sugar,1271.0,1.4142135623730951,1270,1272,2,41.25,82.5,32.75,65.5,5.5,2,🟡 Medium Routes
Pacific,Same Day,Chocolate,1346.9497206703911,259.8891568770829,904,1636,179,12.912234636871508,2311.29,8.692346368715084,1555.93,3.6201117318435756,1,🟢 Fast Routes
Pacific,Same Day,Other,1269.5,326.9132912562595,904,1635,6,13.375,80.25,5.141666666666667,30.85,3.8333333333333335,1,🟢 Fast Routes
Pacific,Second Class,Chocolate,1323.6693811074917,266.4551475417438,906,1640,614,13.192801302931596,8100.38,8.870879478827362,5446.72,3.736156351791531,1,🟢 Fast Routes
Pacific,Second Class,Other,1421.5454545454545,243.56356895318342,906,1639,22,33.125,728.75,14.715909090909092,323.75,3.8636363636363638,2,🟡 Medium Routes
Pacific,Second Class,Sugar,1638.0,0.0,1638,1638,1,6.0,6.0,2.8,2.8,4.0,0,🔴 Slow Routes
Pacific,Standard Class,Chocolate,1314.6215203426125,266.3211766952414,908,1642,1868,13.881054603854391,25929.81,9.35149357601713,17468.59,3.9293361884368307,1,🟢 Fast Routes
Pacific,Standard Class,Other,1250.0444444444445,274.36513126220206,908,1641,45,41.41111111111111,1863.5,19.1,859.5,3.577777777777778,2,🟡 Medium Routes
Pacific,Standard Class,Sugar,1395.6666666666667,209.86741846540477,1274,1638,3,11.913333333333334,35.74,8.496666666666666,25.49,3.0,1,🟢 Fast Routes
